signal_id,horizon_minutes,exit_price,mfe,mae,result,points_pnl
SIG-20261004-0935,1,25186.00,8.00,0.00,TIMEOUT,+6.00
SIG-20261004-0935,3,25198.00,20.00,2.00,TIMEOUT,+18.00
SIG-20261004-0935,5,25215.00,38.00,4.00,TIMEOUT,+35.00
SIG-20261004-0935,10,25232.00,55.00,6.00,TIMEOUT,+52.00
SIG-20261004-0935,15,25244.00,68.00,8.20,TIMEOUT,+64.00
SIG-20261004-0935,20,25250.00,72.50,8.20,TARGET_HIT,+70.00
SIG-20261004-1015,1,25204.00,0.00,8.00,TIMEOUT,-6.00
SIG-20261004-1015,3,25218.00,12.00,15.00,TIMEOUT,+8.00
SIG-20261004-1015,5,25190.00,12.00,22.00,TIMEOUT,-20.00
SIG-20261004-1015,10,25182.00,12.00,30.00,TIMEOUT,-28.00
SIG-20261004-1015,15,25175.00,12.00,35.00,STOP_HIT,-35.00
SIG-20261004-1015,20,25175.00,12.00,35.00,STOP_HIT,-35.00
